First_Name,Last_Name,gender_id,origin_country_id,Date_of_Birth,Date_Hired,dept_id,site_id,pos_id
Hussian,Jalal,311,1000,04-07-1967,01-04-2022,3010,1002,3011
Allison,Kim,310,4000,27-06-1982,21-07-2024,3010,1002,3013
Gregory,Velazquez,311,6000,15-12-1967,07-11-2023,3010,1002,3012
Madison,Ramirez,310,11000,31-03-1991,18-09-2020,9010,1002,9012
Savannah,Miller,310,1000,24-02-1968,08-01-2021,9010,1001,9011
Amanda,Ochoa,310,8000,15-03-1988,19-12-2023,9010,1003,9013
Melissa,Meyer,310,2000,10-04-1978,01-09-2024,9010,2001,9018
Thaqif,Salim,311,1000,02-02-1993,26-01-2022,7010,1003,7014
Daniel,Shamsul,311,1000,06-03-2003,23-08-2020,3010,1003,3015
Hafiz,Wahid,311,2000,19-12-1981,18-11-2022,6010,2001,6014
Thaqif,Rizam,311,2000,10-05-1982,16-06-2024,6010,2001,6011
Zainuddin,Mohamad,311,1000,07-07-1984,19-11-2022,9050,1001,9051
Zainuddin,Rami,311,1000,15-07-1979,26-12-2019,9050,1003,9053
Fariz,Idris,311,1000,07-06-1975,02-09-2022,8010,1001,8012
Sulaiman,Saad,311,1000,22-07-1987,23-07-2022,1010,2001,1012
Luqman,Omar,311,1000,22-07-1986,08-06-2022,1010,1001,1012
Fadhil,Shamsul,311,1000,17-05-1976,05-05-2022,6010,1002,6014
Junaid,Zainuddin,311,2000,09-02-1973,16-02-2024,9050,2001,9054
Ilham,Zahid,311,1000,18-12-1989,07-03-2023,5010,1001,5013
Arif,Rizki,311,2000,23-08-1966,09-07-2020,5010,2001,5012
Syafiq,Safwan,311,1000,22-08-1979,22-12-2022,8010,1001,8011
Haziq,Zulkifli,311,1000,10-05-1980,03-05-2024,9010,2001,9017
Ridwan,Farhan,311,1000,15-06-2005,17-03-2022,2010,2001,2012
Taufik,Mustaqim,311,1000,05-05-1984,19-05-2022,6010,1002,6014
Qayyum,Khalid,311,2000,17-12-2001,02-04-2024,9010,2001,9017
Nizamuddin,Rizam,311,1000,12-01-2004,30-09-2020,6010,1001,6012
Abid,Zulkifli,311,1000,22-12-1964,13-12-2019,8010,2001,8013
Danish,Arif,311,1000,15-04-1982,23-07-2022,6010,1001,6011
Omar,Zainudeen,311,1000,12-06-2002,08-04-2022,1010,1002,1013
Zikri,Shamsul,311,2000,22-03-2006,21-11-2021,9010,2001,9014
Ridwan,Wahid,311,1000,05-04-1968,06-10-2023,2010,1001,2014
Omar,Zawawi,311,1000,12-12-1997,09-08-2020,3010,1002,3016
Khairul,Yasin,311,1000,18-08-2000,03-03-2020,9050,1001,9054
Ihsan,Rahman,311,1000,22-10-2002,25-07-2020,1010,1002,1013
Haikal,Basri,311,1000,06-03-1998,28-04-2023,5010,2001,5011
Ridwan,Omar,311,1000,13-09-1978,16-08-2021,1010,1003,1011
Sufyan,Irwan,311,1000,29-08-1994,05-08-2024,8010,1003,8013
Azzam,Zainuddin,311,1000,09-03-2006,12-10-2020,4010,1002,4012
Thaqif,Saad,311,1000,01-08-1997,13-06-2022,4010,1001,4014
Jihan,Wahid,311,2000,13-10-1985,07-06-2020,4010,2001,4012
Farid,Syed Mohammed Jalal,311,1000,19-01-1989,05-03-2024,9050,1002,9054
Haikal,Rahman,311,1000,26-02-1988,02-03-2022,8010,1003,8012
Ikram,Shahbaz,311,1000,03-11-1993,16-05-2022,7010,1003,7012
Bahar,Pasha,311,1000,09-05-2003,22-04-2021,2010,1003,2011
Iqbal,Tohir,311,1000,06-06-1998,29-05-2023,1010,1002,1011
Taufik,Zulkifli,311,2000,17-11-1986,19-01-2020,4010,2001,4013
Raziq,Malik,311,2000,28-10-1987,17-05-2021,4010,2001,4013
Qudrat,Hisham,311,1000,11-01-1965,02-06-2024,6010,1003,6011
Saad,Ahmad,311,2000,26-07-1965,10-05-2023,4010,2001,4012
Nizam,Rami,311,1000,01-04-1971,19-09-2021,9010,2001,9014
Mikhail,Azman,311,1000,07-11-1974,27-04-2020,6010,1001,6014
Shahir,Mohammad,311,1000,17-02-1979,02-05-2021,2010,1001,2014
Khodir,Zahid,311,2000,15-04-1968,27-07-2024,6010,2001,6013
Azhari,Firas,311,1000,06-11-1984,20-05-2023,9050,2001,9052
Bahtiar,Syahril,311,1000,30-10-1972,10-02-2020,8010,1003,8011
Ikmal,Bakar,311,1000,24-08-1972,16-01-2024,5010,1003,5012
Saad,Nabil,311,1000,08-11-1977,04-10-2023,6010,1003,6011
Zulfadli,Bashir,311,1000,01-01-2002,02-06-2022,3010,1002,3017
Kamal,Zahid,311,1000,10-09-1968,10-01-2021,1010,1003,1011
Thaqif,Shamsul,311,2000,26-11-1975,07-01-2022,2010,2001,2011
Ihsan,Farhan,311,1000,26-09-2005,10-03-2023,3010,1003,3014
Omar,Misbah,311,1000,28-10-1975,29-09-2023,1010,1002,1014
Malik,Yusof,311,1000,23-07-1988,03-10-2022,3010,1003,3014
Mikhail,Luqman,311,1000,07-03-2001,07-12-2022,3010,1001,3015
Lutfi,Umar,311,1000,09-12-1989,15-03-2022,9010,1002,9016
Rayyan,Zulkarnain,311,2000,13-02-1995,16-06-2020,8010,2001,8012
Zulfadli,Rizam,311,1000,19-07-1978,01-08-2021,9010,2001,9015
Farhan,Bakar,311,1000,25-08-1979,28-05-2020,9010,1002,9017
Zulkarnain,Mansor,311,1000,15-07-1974,16-12-2022,9010,1001,9015
Farhan,Mansor,311,1000,24-11-1986,02-04-2023,3010,1001,3017
Khai,Hafiz,311,2000,01-10-1983,06-09-2024,7010,2001,7011
Emran,Shahrul,311,1000,15-03-1971,20-03-2022,4010,1002,4014
Danish,Ibrahim,311,1000,10-08-2001,09-09-2021,2010,2001,2013
Bahar,Zaman,311,1000,23-08-2006,27-10-2020,8010,1002,8011
Firas,Tajuddin,311,1000,31-01-1995,07-06-2021,1010,1003,1012
Jazlan,Nabil,311,1000,07-06-1998,14-01-2021,6010,1001,6013
Ramzi,Rahman,311,1000,04-07-1980,18-07-2024,1010,1002,1013
Aidan,Firas,311,1000,24-02-1997,25-09-2021,5010,2001,5013
Eshan,Basri,311,1000,10-12-1997,12-09-2024,9050,1002,9051
Farhan,Hisham,311,1000,15-10-1991,06-06-2021,3010,2001,3014
Junaid,Irwan,311,1000,16-02-2000,10-08-2020,2010,2001,2014
Naim,Safwan,311,1000,11-06-1998,31-01-2024,6010,2001,6012
Wani,Zaki,310,1000,16-02-1990,07-12-2020,7010,1002,7014
Raniah,Wahid,310,1000,31-07-1979,21-07-2021,6010,1003,6011
Zehra,Hamid,310,1000,29-04-1967,17-12-2020,2010,1001,2013
Amira,Mahyudeen,310,1000,22-11-1978,18-03-2023,8010,1002,8011
Syira,Shamsul,310,2000,26-03-1999,06-07-2021,9010,2001,9014
Khairunnisa,Mohamad,310,1000,22-11-1986,12-05-2023,9050,2001,9052
Azmira,Mahmud,310,1000,22-08-1979,15-01-2024,9010,1001,9017
Hanis,Rahman,310,1000,15-09-2000,06-10-2021,4010,1003,4011
Farisha,Iskandar,310,1000,05-04-1973,30-05-2020,6010,1003,6012
Intan,Ali,310,1000,17-08-2003,27-12-2020,2010,1003,2014
Darlina,Noh,310,1000,30-12-1988,16-02-2023,1010,1002,1013
Najwa,Mahyudeen,310,1000,22-06-1990,21-07-2021,7010,1003,7013
Raniah,Nabil,310,2000,11-04-1980,24-02-2024,3010,2001,3015
Aida,Umar,310,1000,02-01-1981,27-11-2023,9010,1002,9014
Veeradena,Azzam,310,2000,31-05-1967,08-10-2023,8010,2001,8011
Tasha,Basri,310,1000,09-01-1991,01-01-2020,9010,1001,9015
Najwa,Zulkarnain,310,1000,07-12-1973,10-02-2022,5010,1001,5012
Nabila,Rizam,310,2000,07-01-1972,30-08-2023,2010,2001,2014
Syafikah,Safwan,310,1000,07-07-1972,10-09-2024,8010,1001,8014
Jannah,Nasir,310,1000,24-07-1978,09-02-2022,6010,1001,6011
Puspa Ratnasari,Mizan,310,2000,12-03-1968,11-01-2023,7010,2001,7012
Zainab,Sukiman,310,1000,23-05-2000,11-01-2024,1010,1003,1014
Elina,Karim,310,1000,08-05-1995,13-06-2023,8010,1001,8014
Fariha,Iskandar,310,2000,19-01-1982,05-07-2023,1010,2001,1014
Zainab,Rusli,310,1000,24-09-1979,23-02-2022,9050,1002,9054
Nadira,Iskandar,310,1000,06-04-1964,19-06-2021,7010,1001,7014
Shazwani,Zainul,310,1000,08-07-1983,15-03-2024,8010,2001,8014
Sarimah,Tajuddin,310,1000,31-08-1972,22-07-2023,7010,2001,7013
Syafira,Syed Mohammed Jalal,310,1000,13-02-1977,27-10-2019,4010,1001,4014
Hani,Ahmad,310,1000,10-08-1964,12-04-2020,2010,2001,2014
Amira,Zaman,310,1000,26-07-1991,03-01-2023,9010,2001,9014
Sofiya,Naim,310,1000,20-04-1979,02-01-2024,1010,1003,1014
Amani,Amir,310,1000,21-08-1968,23-08-2021,7010,1001,7011
Amirah,Rizki,310,1000,20-05-1976,17-07-2023,9010,1002,9017
Laila,Zaki,310,1000,18-12-1990,14-03-2023,2010,1002,2014
Wati,Khairul,310,1000,25-05-1989,05-12-2020,1010,1001,1011
Qistina,Ahmad,310,1000,27-11-1978,19-03-2024,6010,1003,6012
Wati,Roslan,310,1000,02-03-1990,24-06-2023,1010,1002,1014
Puteh,Naim,310,1000,23-10-1968,16-02-2022,3010,1002,3016
Zehra,Safwan,310,1000,17-05-1987,30-09-2021,7010,1003,7013
Safira,Rudi,310,1000,20-04-1981,03-10-2022,7010,1001,7012
Jannah,Khairi,310,1000,28-10-1990,29-09-2020,3010,1003,3017
Wani,Khairul,310,1000,26-05-1972,16-03-2020,8010,1001,8013
Robiah,Mazlan,310,1000,12-06-1993,25-04-2024,2010,1002,2011
Qila Suhaila,Mazlan,310,2000,19-05-1985,09-11-2020,8010,2001,8013
Elisha,Zaki,310,1000,06-08-1991,08-11-2019,9010,1001,9015
Tiara,Salim,310,1000,07-02-1992,17-01-2024,1010,1003,1011
Nurul,Tohir,310,2000,27-06-1993,03-05-2022,5010,2001,5012
Farisha,Pasha,310,2000,24-02-2001,15-06-2023,6010,2001,6011
Iman,Malik,310,2000,11-11-1980,04-09-2023,7010,2001,7014
Veeradena,Munir,310,1000,21-01-1985,22-05-2024,6010,1003,6011
Puspa Ratnasari,Rizal,310,2000,28-02-1984,19-02-2021,8010,2001,8013
Damia,Firdaus,310,2000,24-02-1981,24-09-2023,7010,2001,7014
Ummi,Omar,310,2000,16-09-1995,07-10-2022,2010,2001,2013
Syarifah,Ahmad,310,1000,17-08-1980,09-01-2022,2010,1003,2014
Zalwani,Johan,310,1000,28-02-1989,30-10-2022,3010,1003,3017
Tasha,Malik,310,1000,02-06-1995,22-10-2021,9010,1002,9016
Mira Filzah,Badri,310,1000,03-05-2001,07-07-2024,2010,1001,2014
Alisha,Rizam,310,2000,12-02-1994,04-03-2023,9050,2001,9052
Tati Suriati,Zainul,310,1000,15-04-1984,14-09-2022,1010,1002,1013
Elisha,Mizan,310,2000,26-03-1967,16-02-2024,9050,2001,9051
Hanis,Shahin,310,1000,31-03-1967,17-12-2022,1010,1002,1013
Nuraina,Rizam,310,1000,20-06-2005,29-10-2020,9050,1002,9051
Elina,Idris,310,1000,22-08-1991,17-12-2020,7010,1002,7014
Thalia,Rahman,310,1000,12-12-1965,02-08-2024,6010,1002,6011
Yara,Firas,310,1000,28-08-1976,16-03-2021,7010,1003,7014
Veeradena,Salim,310,1000,20-05-1977,20-09-2024,3010,1003,3014
Khairunnisa,Firas,310,1000,16-04-2001,26-09-2020,8010,1001,8011
Tiara,Khairi,310,1000,02-11-1965,29-09-2022,8010,1001,8013
Qila Suhaila,Hisham,310,1000,26-09-1965,24-03-2020,5010,1003,5013
Alia,Kamal,310,1000,31-10-1977,28-08-2020,4010,1001,4012
Nuraina,Zaman,310,1000,29-03-1998,01-05-2024,9050,2001,9053
Kamila,Zahir,310,1000,18-01-1980,07-07-2023,6010,1002,6013
Elina,Wafi,310,2000,28-01-1980,28-09-2023,3010,2001,3017
Sarina,Kamal,310,1000,18-12-1975,21-02-2023,6010,1003,6013
Dinesh ,Sivasubramaniam,311,1000,23-08-1975,29-10-2019,9010,1003,9015
Ravi Kumar ,Sivasubramaniam,311,1000,30-07-1987,06-09-2023,3010,1003,3014
Rajesh Reddy ,Balakrishnan,311,1000,22-11-1987,14-01-2024,9010,1001,9016
Balaji ,Ramasamy,311,1000,20-10-1987,18-03-2024,1010,1001,1013
Karthik ,Vellayan,311,1000,02-12-1987,08-11-2021,7010,2001,7014
Harish ,Arumugam,311,1000,03-08-1978,15-05-2020,1010,1003,1014
Harish ,Ramalingam,311,1000,06-04-1990,23-07-2023,9050,1003,9051
Surendran ,Rajesh,311,1000,08-03-2005,19-04-2024,7010,1001,7011
Uthaya ,Venkatesan,311,1000,28-06-1983,11-07-2021,8010,1003,8012
Ajith ,Sundararajan,310,1000,25-11-1973,14-12-2020,9010,2001,9015
Thamil Selvan ,Rajendran,311,1000,08-02-1974,22-07-2021,1010,1001,1012
Suresh ,Murugan,311,1000,16-07-1975,06-09-2022,3010,1001,3017
Balaji ,Thirunavukarasu,311,1000,13-04-2005,20-01-2020,7010,1002,7012
Rajesh Reddy ,Ramalingam,311,1000,02-03-1993,02-02-2021,1010,2001,1012
Prakash ,Palani,310,1000,13-08-1991,28-01-2022,8010,1002,8011
Aiyappan ,Balakrishnan,311,1000,30-11-1981,02-09-2024,4010,2001,4012
Prakash ,Subash,311,1000,07-09-1995,04-01-2020,8010,1003,8013
Mahesh ,Venkatesan,311,1000,18-01-1966,22-10-2022,8010,1003,8014
Nadarajah ,Jayakumar,310,1000,31-07-1968,04-01-2024,5010,1002,5014
Ajith ,Vellayan,311,1000,07-02-1993,22-07-2023,2010,1001,2012
Surendran ,Marimuthu,311,1000,25-03-1992,14-10-2021,4010,1001,4011
Ramesh ,Thangavelu,311,1000,07-03-2005,04-05-2022,1010,1001,1014
Kumaravel ,Narasimhan,311,1000,29-05-1986,28-01-2020,9050,1001,9054
Dinesh ,Palanisamy,311,1000,02-04-1984,25-11-2022,8010,2001,8014
Uthaya ,Murugan,311,1000,24-05-1965,24-03-2020,3010,1003,3016
Anand ,Vellayan,311,1000,26-10-1983,16-12-2019,3010,1001,3015
Ravi Kumar ,Ramasamy,311,1000,27-09-2004,17-11-2023,3010,1003,3017
Surendran ,Kanna,311,1000,28-06-1969,22-03-2023,9050,1001,9054
Praveen ,Govindasamy,311,1000,17-05-2006,21-08-2024,6010,2001,6011
Prem Kumar ,Kanna,311,1000,02-09-2000,19-08-2023,8010,1001,8012
Surendran ,Marimuthu,311,1000,03-03-2006,10-10-2022,9010,2001,9015
Mahesh ,Subash,311,1000,11-03-1992,09-05-2023,8010,1003,8013
Nadarajah ,Kanna,310,1000,24-09-1991,08-10-2023,9050,1002,9052
Anand ,Ramachandran,311,1000,20-12-1969,29-07-2024,3010,1001,3014
Arjun ,Narayanan,311,1000,18-12-1993,19-01-2020,2010,1003,2014
Santhosh ,Thirunavukarasu,311,1000,19-08-2001,19-04-2023,6010,1003,6014
Vinay ,Sundararajan,311,1000,14-11-2003,14-02-2024,8010,2001,8012
Ram ,Dhanapal,311,1000,03-07-1990,24-04-2024,5010,1001,5014
Praveen ,Ramasamy,311,1000,20-01-1995,04-02-2024,2010,1002,2011
Senthil ,Arumugam,310,1000,06-10-1987,21-01-2023,6010,1002,6011
Rajendran ,Sivasubramaniam,311,1000,17-07-1975,15-07-2022,9010,2001,9014
Surendran ,Govindasamy,311,1000,09-04-1998,28-08-2024,9050,1001,9054
Prakash ,Marimuthu,311,1000,17-06-1983,23-05-2023,6010,1001,6012
Rajendran ,Muthusamy,311,1000,09-12-1976,24-02-2022,4010,1003,4011
Arjun ,Muthusamy,311,1000,18-11-1999,09-04-2020,3010,1001,3016
Vikas ,Govindasamy,310,1000,02-12-1985,28-09-2021,5010,1002,5013
Ramesh ,Palani,311,1000,19-11-1994,10-08-2021,7010,1002,7013
Balaji ,Muthusamy,311,1000,21-04-1994,21-12-2023,5010,1003,5012
Vignesh ,Sivasubramaniam,310,1000,02-08-1997,21-06-2023,7010,1002,7012
Ravi Kumar ,Jayakumar,311,1000,22-10-1984,09-08-2021,7010,1002,7012
Mohan ,Palani,311,1000,12-11-1994,26-04-2020,9010,1002,9014
Santhosh ,Jayakumar,311,1000,01-01-1975,20-01-2023,1010,1003,1013
Prakash ,Balakrishnan,311,1000,07-07-2001,06-06-2023,9050,1003,9054
Uthaya ,Venkatesan,311,1000,25-12-1965,19-06-2023,9050,2001,9052
Sathish ,Dhanapal,311,1000,19-09-1988,20-10-2022,5010,2001,5013
Praveen ,Ganesan,311,1000,05-06-1980,21-07-2021,1010,1001,1011
Jagan ,Subash,311,1000,05-08-1995,23-01-2024,3010,1001,3014
Kannan ,Dhanapal,311,1000,30-03-1980,22-09-2020,2010,2001,2012
Senthil ,Vellayan,311,1000,12-05-1968,31-08-2024,1010,1003,1012
Vicnesswary,Ramachandran,310,1000,05-09-2005,03-04-2024,4010,1002,4011
Vinay ,Chandra,311,1000,03-07-1994,07-02-2021,9010,2001,9017
Sathish ,Ramachandran,311,1000,22-10-1969,14-05-2020,5010,2001,5014
Sathish ,Ramu,311,1000,23-06-1996,25-10-2021,1010,2001,1014
Ajith ,Palani,310,1000,29-10-1996,17-08-2023,3010,2001,3016
Anand ,Marimuthu,311,1000,17-12-1997,24-10-2022,1010,1001,1014
Ravi Kumar ,Kanna,311,1000,20-01-1990,12-11-2020,9010,1002,9014
Prakash ,Arumugam,311,1000,16-04-2001,11-01-2020,2010,1002,2013
Prakash ,Somasundaram,311,1000,03-02-1989,28-02-2020,5010,2001,5013
Vinay ,Murugan,311,1000,27-02-1981,09-10-2021,3010,1003,3015
Vinay ,Arumugam,311,1000,21-11-1986,06-10-2020,2010,1001,2011
Senthil ,Arumugam,311,1000,04-06-1969,07-09-2021,7010,2001,7013
Ganesh Pillai ,Ramasamy,311,1000,30-07-1968,15-12-2019,9010,2001,9015
Surya ,Ramu,310,1000,31-01-1990,03-08-2021,8010,1001,8014
Rishi ,Govindasamy,310,1000,17-01-1985,02-08-2021,9050,1001,9053
Vinod ,Ramu,311,1000,26-03-2005,16-03-2021,8010,2001,8012
Aiyappan ,Dhanapal,311,1000,17-12-1990,02-04-2023,9050,2001,9053
Mohan ,Thangavelu,311,1000,31-08-1971,09-01-2020,8010,1003,8012
Suresh ,Balasubramanian,311,1000,26-01-1988,18-10-2019,9010,1001,9017
Ganesh Pillai ,Saravanan,311,1000,23-05-1966,06-05-2021,3010,1001,3014
Uthaya ,Saravanan,311,1000,11-12-1979,16-09-2021,8010,2001,8013
Rajesh Reddy ,Chandra,311,1000,20-04-1965,01-08-2022,2010,2001,2011
Senthil ,Muthusamy,311,1000,26-01-1981,29-09-2020,5010,1003,5014
Nadarajah ,Krishnan,311,1000,20-07-1984,29-12-2021,9050,1002,9054
Vinod ,Somasundaram,311,1000,27-12-1989,19-09-2020,7010,2001,7013
Senthil ,Ramalingam,311,1000,21-01-1996,25-01-2021,3010,2001,3017
Vinay ,Dhanapal,311,1000,14-03-1995,23-02-2020,2010,1001,2013
Kumaravel ,Subramaniam,311,1000,26-10-1989,08-05-2020,7010,1003,7013
Aiyappan ,Narasimhan,311,1000,10-04-2001,08-02-2021,1010,2001,1012
Vikas ,Narasimhan,311,1000,20-09-1995,28-03-2022,9050,2001,9052
Karthik ,Nadarajah,311,1000,06-11-1989,19-12-2020,4010,1001,4013
Vinod ,Subash,311,1000,08-07-1985,09-01-2020,1010,1002,1014
Ramesh ,Ponnusamy,311,1000,07-07-1998,12-01-2022,2010,1003,2013
Karthik ,Kuppusamy,311,1000,08-02-1976,06-04-2023,7010,2001,7011
Manikandan ,Subramaniam,311,1000,28-11-1970,31-05-2023,9050,1001,9054
Kumaravel ,Kalyanasundaram,311,1000,28-02-1994,21-04-2022,9050,1002,9053
Karthik ,Saravanan,311,1000,12-12-1983,10-03-2022,1010,1003,1013
Surya ,Vellayan,311,1000,17-08-1977,13-06-2022,5010,1003,5014
Praveen ,Ramu,311,1000,25-02-2004,18-09-2021,9050,2001,9053
Sharmila,Govindasamy,310,1000,24-06-1981,22-11-2020,9010,1002,9017
Balasubramaniam,Krishnan,311,1000,22-05-1984,04-04-2022,9050,1002,9053
Nadarajah ,Somasundaram,310,1000,14-09-1990,16-10-2024,6010,1003,6012
Prem Kumar ,Somasundaram,311,1000,12-02-2001,28-02-2022,8010,2001,8012
Vikas ,Sivasubramaniam,310,1000,21-10-1998,12-07-2020,9050,2001,9052
Ashiwara,Kanna,310,1000,23-12-1990,09-09-2023,4010,1002,4012
Vikas ,Sundararajan,310,1000,11-05-1984,11-12-2021,9050,1001,9053
Kumaravel ,Narasimhan,311,1000,25-10-1974,09-02-2023,6010,1002,6012
Uthaya ,Ramachandran,310,1000,14-03-1974,01-01-2021,6010,1003,6014
Manikandan ,Ponnusamy,311,1000,02-07-1972,25-12-2019,9010,2001,9017
Suresh ,Jayakumar,311,1000,05-01-1989,14-08-2023,4010,1002,4013
Ganesh Pillai ,Ramachandran,311,1000,16-12-2002,21-09-2021,5010,1002,5011
Praveen ,Sundararajan,311,1000,24-02-1980,20-11-2021,9050,2001,9051
Arvind Singh ,Venkatesan,310,1000,27-11-1971,25-04-2024,7010,1003,7011
Raghavan ,Ramalingam,311,1000,21-02-1966,26-10-2022,8010,1001,8011
Nadarajah ,Chandra,311,1000,29-12-1963,10-10-2022,6010,1003,6011
Harish ,Muthusamy,311,1000,10-11-1980,31-08-2023,6010,1002,6012
Kannan ,Saravanan,311,1000,19-10-1997,27-02-2020,9010,2001,9014
Vignesh ,Ramasamy,311,1000,21-08-2006,23-09-2024,1010,1002,1013
Surya ,Chandra,310,1000,03-05-1981,30-05-2024,9050,2001,9053
Manikandan ,Murugan,311,1000,06-12-1994,17-09-2020,2010,1001,2011
Nadarajah ,Ramasamy,311,1000,08-04-1996,21-10-2019,7010,1001,7014
Harish ,Kanna,311,1000,24-01-2001,30-08-2023,9050,1002,9053
Suresh ,Sivasubramaniam,311,1000,21-04-1984,20-04-2023,1010,1003,1012
Ramesh ,Muthusamy,311,1000,06-09-1971,11-06-2022,4010,1002,4013
Balaji ,Rajendran,310,1000,30-07-1998,19-11-2023,7010,1001,7012
Surya ,Thirunavukarasu,310,1000,02-01-2004,07-07-2021,6010,1001,6011
Thamil Selvan ,Saravanan,311,1000,14-08-1997,30-03-2022,1010,1003,1013
Surya ,Ramachandran,310,1000,17-09-1975,26-12-2022,9010,2001,9015
Karthik ,Marimuthu,310,1000,11-11-2001,20-10-2021,9010,2001,9017
Vikas ,Narasimhan,310,1000,12-10-1984,02-03-2021,3010,1001,3016
Raghavan ,Sivasubramaniam,311,1000,29-04-2003,29-05-2021,1010,1001,1013
Ravi Kumar ,Govindasamy,311,1000,02-06-2005,24-07-2022,4010,2001,4012
Harish ,Balakrishnan,311,1000,22-02-1988,13-03-2020,9050,2001,9054
Suresh ,Balakrishnan,311,1000,19-06-1990,19-08-2021,4010,1002,4011
Thamil Selvan ,Murugan,311,1000,12-01-1993,20-03-2021,9050,1002,9052
Jagan ,Narayanan,311,1000,10-12-1993,27-12-2022,1010,1003,1013
Vinay ,Dhanapal,311,1000,06-08-1972,08-06-2023,9010,1002,9017
Suresh ,Palanisamy,311,1000,26-07-1965,20-12-2020,4010,1002,4012
Vijaya,Subash,311,1000,28-03-1979,24-09-2024,4010,1002,4013
Manikandan ,Murugan,311,1000,21-08-1972,30-03-2023,2010,1001,2014
Kumaravel ,Narasimhan,311,1000,20-06-1970,03-08-2023,9010,1003,9014
Rishi ,Venkatesan,310,1000,12-07-2000,25-10-2022,5010,1003,5011
Sathish ,Nadarajah,311,1000,27-08-1977,14-11-2023,7010,1001,7014
Kannan ,Chandra,311,1000,01-07-1997,11-04-2024,9050,2001,9052
Mohan ,Venkatesan,311,1000,24-10-1986,20-04-2024,6010,1003,6012
Manikandan ,Narasimhan,311,1000,14-01-1988,04-10-2020,9010,1001,9015
Ajith ,Jayakumar,311,1000,12-07-1972,07-08-2021,7010,2001,7012
Senthil ,Subash,311,1000,14-05-1978,18-03-2023,7010,1003,7012
Praveen ,Narasimhan,311,1000,23-11-1989,03-01-2024,9050,1001,9054
Mahesh ,Subramaniam,311,1000,29-03-1980,15-09-2020,6010,1002,6013
Vinay ,Chandra,311,1000,18-05-1991,06-12-2019,8010,1002,8012
Hong Joon,Tan,310,1000,23-12-1963,11-05-2023,7010,1001,7013
Wei Cheng,Low,311,1000,05-12-1987,11-04-2023,3010,1002,3014
Sze Wei,Chua,310,1000,30-12-1991,14-05-2023,9010,2001,9014
Choon Mei,Lim,310,1000,07-01-1978,14-08-2024,9010,1003,9017
Li Ping,Lim,310,1000,10-03-1968,10-01-2024,8010,1003,8011
Zhi Wei,Wong,310,1000,05-11-1983,27-02-2023,2010,2001,2011
Yew Jin,Lim,310,1000,30-01-1988,04-05-2023,7010,1003,7014
Li Ping,Ong,310,1000,02-09-1984,24-11-2021,9010,1001,9016
Chee Seng,Sim,310,1000,16-11-1988,30-08-2024,8010,2001,8012
Yew Jin,Tan,310,1000,03-12-1990,05-06-2021,2010,1001,2011
Ai Yu,Leong,310,1000,21-06-1993,14-03-2023,8010,2001,8011
Yi Ting,Ong,310,1000,31-12-1980,13-05-2021,2010,1002,2014
Xin Fang,Low,311,1000,10-09-1998,21-06-2020,2010,2001,2013
Mei Yan,Chai,310,1000,19-10-1965,27-09-2023,1010,2001,1011
Xin Yi,Lim,311,1000,14-04-1994,09-10-2020,5010,1003,5011
Keng Yoon,Sim,311,1000,30-07-1974,25-07-2024,6010,1002,6012
Mei Yan,Lee,310,1000,23-10-1971,15-07-2024,1010,1001,1014
Cheng Hong,Chen,311,1000,15-03-1992,09-10-2024,4010,2001,4012
Kah Mun,Chen,311,1000,21-09-1999,19-01-2020,8010,1003,8012
Joo Ling,Lee,311,1000,13-01-1984,03-12-2021,6010,2001,6013
Xin Yi,Chua,310,1000,18-10-1963,30-01-2021,1010,1002,1014
Chee Seng,Chen,311,1000,15-12-1986,10-02-2023,6010,2001,6012
Jin Hao,Goh,310,1000,23-08-1965,27-06-2024,8010,1001,8012
Kah Mun,Wong,311,1000,18-03-1984,28-12-2019,6010,1003,6013
Ai Yu,Chai,310,1000,14-12-1974,12-08-2022,2010,1001,2013
Mei Yan,Lau,310,1000,14-09-1970,30-08-2022,9050,1003,9052
Hui Shan,Yeo,310,1000,17-02-1978,25-09-2022,2010,1003,2011
Ai Ling,Ng,310,1000,09-09-1991,13-04-2022,1010,1003,1011
Shi Min,Lee,310,1000,18-11-1986,19-11-2019,9050,1001,9054
Soon Heng,Lim,310,1000,11-09-1981,25-07-2020,4010,1002,4013
Tze Yong,Chai,311,1000,29-10-1981,29-08-2024,7010,1001,7011
Pei Ying,Chen,310,1000,17-01-1986,25-01-2023,9010,1002,9015
Wan Yi,Sim,310,1000,28-04-1998,28-09-2023,2010,1003,2012
Pui Yung,Tan,311,1000,22-07-1980,18-10-2019,5010,2001,5014
Seng Chai,Chua,310,1000,14-03-1983,28-01-2023,3010,1002,3016
Ying Ying,Wong,310,1000,05-11-1963,21-08-2020,5010,1003,5014
Sook Ling,Chen,310,1000,03-09-1994,02-01-2023,3010,1001,3014
Wei Cheng,Ong,311,1000,02-07-1988,25-03-2021,8010,1002,8014
Hui Xin,Ng,310,1000,08-07-1974,04-01-2022,1010,1003,1011
Chee Seng,Chua,311,1000,19-01-1966,09-11-2021,4010,2001,4011
Hui Xin,Wong,311,1000,23-07-1973,02-10-2021,3010,1001,3014
Wan Yi,Lee,310,1000,20-07-2000,06-03-2022,5010,2001,5011
Yat Seng,Lee,311,1000,01-08-2005,10-12-2020,3010,1002,3016
Hui Yi,Chua,311,1000,01-04-1995,03-08-2023,4010,1001,4014
Keng Yoon,Leong,311,1000,04-12-1983,16-11-2022,9050,1003,9053
Keng Boon,Goh,311,1000,02-05-1984,06-06-2023,6010,2001,6013
Hui Xin,Tan,310,1000,24-06-1993,26-01-2024,5010,2001,5011
Wei Cheng,Lau,311,1000,23-10-1986,30-08-2024,4010,1001,4011
Mei Yan,Lee,311,1000,21-01-2001,23-09-2024,1010,1001,1014
Kah Mun,Lim,310,1000,28-07-1978,18-10-2020,5010,1002,5011
Yu Ling,Ong,311,1000,27-10-1974,25-11-2021,7010,2001,7014
Wei Ying,Wong,311,1000,15-04-1973,24-04-2021,8010,1002,8014
Yi Ting,Low,310,1000,15-11-1980,09-03-2020,8010,1003,8012
Yew Jin,Tan,311,1000,23-07-1985,16-04-2024,9050,2001,9052
Sze Ling,Yeo,310,1000,06-07-1968,24-05-2023,8010,1001,8011
Wei Ying,Lim,310,1000,16-07-2006,20-10-2021,7010,1002,7011
Heng Yew,Ong,311,1000,08-06-1991,24-12-2021,9050,1001,9053
Zhi Liang,Lee,311,1000,06-08-1972,05-01-2020,9050,2001,9053
Kim Siong,Tan,310,1000,06-06-1999,16-02-2023,4010,1002,4012
Li Xian,Sim,310,1000,31-08-1995,15-02-2024,6010,1003,6013
Ying Ying,Wong,310,1000,01-09-1975,15-03-2020,3010,1001,3016
Shi Wei,Wong,311,1000,15-08-2000,29-06-2023,3010,2001,3015
Li Ling,Wong,310,1000,09-05-1964,01-11-2021,2010,1002,2012
Zhi Liang,Lim,311,1000,08-11-1974,03-11-2021,2010,1002,2011
Zhi Liang,Lim,310,1000,13-06-1985,04-09-2022,8010,1003,8014
Yan Xiu,Wong,311,1000,17-11-2000,22-12-2023,5010,1001,5012
Wei Kit,Lim,311,1000,24-03-1979,26-06-2023,4010,1003,4014
Hui Shan,Tan,310,1000,24-09-1987,10-07-2023,9010,1003,9016
Jin Yi,Tan,310,1000,01-02-1979,17-07-2020,3010,1003,3016
Cheng Hong,Tan,311,1000,17-07-1979,02-12-2019,4010,1001,4014
Li Ping,Tan,310,1000,11-06-2003,11-05-2020,6010,1002,6011
Mei Yan,Lim,310,1000,15-01-1985,05-06-2021,5010,1001,5012
Ying Ying,Ng,310,1000,20-10-1968,06-09-2020,7010,2001,7011
Keng Hock,Tan,311,1000,04-07-1984,27-04-2023,1010,1003,1012
Yu Ling,Sim,310,1000,19-05-1975,26-08-2024,4010,1002,4011
Keng Liang,Chen,311,1000,17-10-1987,04-08-2021,5010,1003,5014
Zhi Liang,Lau,310,1000,08-08-1995,13-01-2024,2010,1002,2011
Heng Yew,Wong,311,1000,24-08-1974,13-04-2022,6010,1001,6011
Pei Ying,Sim,310,1000,25-12-1966,04-09-2022,6010,2001,6011
Pui Yung,Lim,310,1000,19-04-2006,11-01-2023,9010,1002,9017
Shu Yi,Wong,310,1000,11-05-1999,22-07-2022,5010,1002,5013
Mei Ling,Ong,310,1000,08-05-2002,15-09-2020,6010,1003,6013
Huan Ying,Low,310,1000,19-01-1989,16-11-2022,3010,2001,3016
Seng Chai,Wong,311,1000,26-12-1976,22-09-2021,4010,1002,4012
Li Na,Lim,310,1000,17-08-1986,29-08-2020,5010,1003,5011
Kah Mun,Lim,311,1000,07-01-1991,12-04-2023,4010,2001,4014
Sze Ling,Goh,310,1000,05-04-1981,04-03-2022,4010,1001,4011
Wan Yi,Wong,311,1000,25-09-1986,04-05-2021,4010,1001,4012
Ying Ying,Goh,310,1000,30-01-1982,15-01-2021,1010,2001,1011
Jin Hao,Wong,310,1000,29-11-1968,14-09-2023,4010,1001,4012
Xin Yi,Wong,311,1000,01-07-1981,29-01-2021,1010,1001,1012
Koon Peng,Ng,311,1000,04-10-2000,08-11-2023,5010,2001,5012
Pui Yung,Yeo,310,1000,29-03-1982,11-06-2020,7010,1003,7012
Wai Ching,Sim,310,1000,21-06-1965,01-05-2022,8010,2001,8012
Ying Ying,Ng,310,1000,14-09-1996,06-09-2021,9010,2001,9017
Wei Ting,Chai,310,1000,02-04-1964,18-08-2023,5010,1003,5011
Jia Wei,Tan,311,1000,30-03-1980,28-07-2024,6010,1002,6014
Xin Yi,Lim,310,1000,10-12-1968,19-04-2021,7010,2001,7013
Jin Hao,Tan,311,1000,18-01-1973,05-11-2023,8010,1003,8011
Zhi Wei,Wong,311,1000,22-06-2001,22-01-2022,1010,1002,1012
Donna,Ortiz,310,3000,16-03-1993,27-06-2024,8010,1001,8014
Joseph,Garner,310,13000,25-10-1989,27-11-2021,2010,1001,2014
Travis,Higgins,311,5000,20-12-1979,25-01-2022,2010,2001,2012
Gary,Mendoza,311,13000,09-12-1979,26-01-2022,8010,2001,8014
William,Johnson,310,13000,08-07-2006,19-11-2019,7010,1001,7012
Natasha,Davis,310,10000,08-06-1984,11-01-2020,7010,1003,7014
Jasmine,Richard,310,3000,14-12-2004,30-11-2021,7010,2001,7012
Kelly,Williams,310,10000,29-04-1997,22-08-2024,2010,1001,2014
Lindsay,Thomas,310,7000,23-05-1991,19-04-2021,7010,1003,7012
Allison,Andrade,310,10000,19-10-1968,13-01-2022,7010,1002,7014
Chariya,Boonmee,310,14000,17-07-1984,12-11-2022,7010,1002,7014
Pamela,Blackburn,310,3000,07-08-1992,06-01-2023,8010,1003,8012
Stacie,Fox,310,10000,17-06-2006,26-05-2021,2010,1003,2014
Teresa,Bass,310,7000,22-11-2003,02-06-2022,4010,1001,4014
Christopher,Martinez,311,15000,10-08-1970,31-03-2022,9050,1003,9052
Sara,Mcintyre,310,13000,08-04-1999,02-12-2019,8010,1002,8012
Morgan,Briggs,311,9000,05-01-1972,13-08-2020,5010,1003,5014
Justin,Anderson,311,10000,05-12-2001,13-04-2022,9010,2001,9015
Amber,Vasquez,310,13000,20-11-2002,20-07-2024,6010,1003,6014
Melissa,Camacho,310,5000,07-12-1979,30-01-2021,7010,1001,7014
Stephanie,Goodwin,310,13000,18-10-2002,08-04-2024,7010,1002,7012
Jonathan,Le,311,10000,15-12-1982,27-01-2024,8010,1001,8014
Margaret,Gutierrez,310,2000,08-03-2005,04-06-2022,7010,2001,7012
Debra,Murillo,310,3000,11-10-1986,04-06-2024,5010,2001,5014
Melissa,Davis,310,3000,04-07-1978,09-04-2021,9050,1003,9054
Sarah,Kirk,310,2000,19-12-1991,13-10-2020,5010,1002,5012
Stephanie,Vazquez,310,13000,08-05-2003,10-04-2021,9010,1003,9015
Paige,Phillips,310,7000,30-11-1990,28-05-2024,9050,1003,9052
Anong,Chaiprasit,310,14000,15-11-1983,04-09-2022,2010,1002,2014
Sandra,Cook,310,15000,04-12-1991,21-05-2022,9050,1002,9052
Nicole,Hutchinson,310,12000,22-10-2003,12-01-2023,2010,1002,2012
Worawit,Suksan,311,14000,26-11-1980,19-01-2020,9050,2001,9054
Francis,Ruiz,311,10000,30-08-1992,13-04-2024,2010,1002,2014
Sandra,Phillips,310,2000,20-05-1965,14-04-2020,9010,2001,9017
Brian,Gardner,311,15000,28-02-1979,12-12-2022,1010,1002,1014
Jintana,Wongchai,310,14000,20-11-1992,08-05-2024,9050,1001,9052
Steven,Peterson,311,13000,14-05-1983,12-04-2021,3010,1002,3015
Heather,Hernandez,310,10000,29-07-1973,03-04-2021,7010,2001,7014
Jacob,Delgado,311,3000,10-04-1994,09-10-2023,9050,1002,9054
Ratchanon,Chavalit,311,14000,22-04-1985,02-09-2022,9050,1003,9054
Joe,Wade,311,3000,20-07-1964,14-02-2022,9050,1003,9052
Anita,Morris,310,13000,23-02-1997,03-09-2024,1010,1001,1012
Walter,Williamson,311,2000,19-12-1966,03-04-2021,6010,1002,6012
Kelly,Jackson,310,2000,26-03-1975,08-05-2020,2010,1003,2012
Kannika,Kittisak,310,14000,08-12-2004,19-05-2024,9050,1003,9052
John,Roberts,311,3000,18-10-2005,25-08-2024,9010,1002,9015
Jennifer,Brown,310,3000,10-07-1967,20-10-2021,8010,2001,8014
Jessica,Gibson,310,3000,01-06-2001,12-06-2024,7010,1003,7014
Lisa,Buckley,310,7000,15-09-1992,31-03-2021,2010,1002,2014
Jessica,Banks,310,7000,02-02-1992,23-08-2022,6010,2001,6012
Charles,Thompson,311,13000,24-12-1986,05-02-2021,9010,2001,9017
Jamie,Rodriguez,311,10000,30-11-1995,25-04-2022,8010,1001,8012
Samantha,Cross,310,13000,27-04-2005,26-02-2023,3010,1003,3015
Sarah,Trevino,310,2000,27-02-1969,12-04-2020,1010,1001,1014
Patcharaporn,Poonpat,310,14000,02-01-1974,27-12-2022,7010,1003,7014
Mellisa,Tucker,310,13000,29-07-1988,22-03-2023,8010,1001,8012
Patrick,Marsh,311,12000,22-07-1999,18-09-2022,6010,2001,6012
Nancy,Lawson,310,5000,18-06-1972,17-08-2024,3010,1001,3015
Kimberly,Gray,310,3000,10-11-1996,10-11-2021,5010,1001,5014
Beth,Mcdonald,310,10000,13-07-1973,26-03-2021,2010,2001,2014
Jason,Collins,311,12000,29-06-1982,29-12-2023,7010,2001,7014
Brian,Vega,311,3000,27-01-1972,13-11-2022,7010,1001,7012
Chatri,Somboon,311,14000,10-05-1993,21-06-2024,9050,1001,9052
Briana,Thomas,310,5000,06-04-1992,10-07-2024,8010,2001,8012
Joy,Hughes,310,9000,29-06-1971,05-05-2023,5010,1002,5012
Anthony,Leon,311,13000,31-07-1998,07-01-2022,9010,1002,9017
Supachai,Prasertsak,311,14000,06-03-1993,23-11-2022,9050,1001,9052
Brianna,Lawrence,310,5000,13-09-1986,14-12-2022,5010,1003,5014
Paul,Johns,311,5000,09-09-1999,06-01-2024,8010,1002,8014
William,Rodriguez,311,5000,27-08-1968,23-09-2024,4010,1003,4012
Gina,Shah,310,3000,14-08-1964,02-12-2020,7010,1003,7012
Alan,Anderson,311,9000,01-12-1992,07-05-2021,1010,1001,1014
Laura,Lamb,310,3000,25-05-1988,11-04-2022,6010,1001,6012
Ronald,Rogers,311,5000,02-07-1973,18-02-2021,2010,1003,2012
Shannon,Rogers,310,15000,01-10-2005,22-11-2019,4010,1002,4012
Andrea,Baird,311,2000,16-08-1981,04-05-2024,9010,1002,9017
Rachanee,Thammasak,310,14000,18-07-1972,22-05-2021,9010,1002,9017
Ronald,Hoover,311,3000,12-11-1990,22-12-2021,5010,1003,5014
Brandi,Lewis,311,7000,18-01-1972,08-08-2024,3010,1001,3015
Sonia,Green,310,9000,21-10-2002,15-04-2022,9050,1003,9054
Brian,Johns,311,13000,10-03-1984,19-02-2021,7010,2001,7012
Rungnapa,Rungroj,310,14000,01-05-1982,27-08-2023,4010,1003,4012
Phuwadol,Srisuk,311,14000,29-03-1978,05-03-2021,8010,1001,8012
Katherine,White,310,7000,17-07-1971,29-05-2022,9010,1002,9015
Katherine,Taylor,310,2000,03-11-1996,08-06-2024,3010,2001,3017
Randall,Obrien,311,2000,31-05-1982,03-01-2023,8010,1002,8012
Amy,Powell,310,12000,26-07-1979,11-03-2021,4010,1001,4012
Thanawat,Suwannarat,311,14000,13-08-2001,11-08-2024,9010,1003,9017
Russell,Smith,311,5000,18-10-1997,04-08-2021,2010,2001,2012
Kyle,Hoffman,311,10000,03-04-1996,04-05-2021,4010,2001,4012
Bobby,Carey,311,7000,06-05-1980,29-12-2023,2010,1002,2012
Michelle,Brooks,310,2000,24-04-1972,08-06-2023,6010,1002,6014
Keith,Brooks,311,12000,20-03-1979,25-06-2020,1010,1003,1014
Jeffrey,Richards,311,12000,26-11-1999,31-08-2023,7010,2001,7014
Ryan,Wyatt,311,12000,28-07-1974,31-08-2020,8010,1002,8014
Lisa,Williams,310,9000,12-04-1990,19-10-2022,4010,1001,4014
Logan,Yang,311,15000,13-04-1988,11-10-2021,8010,1003,8014
David,Deleon,311,13000,13-05-1991,04-07-2020,2010,1003,2012
Thomas,Campbell,311,9000,30-11-1994,24-09-2023,7010,2001,7014
David,Delacruz,311,13000,04-09-1998,18-05-2024,2010,2001,2014
Amber,Hall,310,13000,28-01-1972,08-09-2024,1010,1003,1014
Saengdao,Nimit,310,14000,10-11-1997,09-08-2024,7010,1001,7012
Siriporn,Thammarat,310,14000,26-09-1982,22-12-2019,5010,1002,5014
Angela,Moore,310,7000,27-06-1985,15-08-2023,8010,2001,8012
Marilyn,Hess,310,10000,18-10-1999,18-09-2021,9050,1002,9052
Thip Wanee,Sangwong,310,14000,04-03-1971,13-11-2020,3010,1002,3015
Hannah,Rivas,310,7000,09-06-2001,10-04-2023,3010,1002,3015
Sarah,Reed,310,7000,04-11-1979,07-08-2023,9010,1001,9015
Shane,Gonzalez,310,5000,23-11-1973,14-10-2020,8010,2001,8012
Sara,Hudson,310,10000,14-05-1976,22-09-2021,5010,1002,5012
Michele,Stewart,310,5000,04-09-1989,30-12-2022,5010,1001,5014
Ian,Wilson,311,9000,16-04-1969,02-06-2024,9010,1002,9015
Jill,Holmes,310,10000,11-01-1990,21-01-2021,1010,1001,1014
Glenn,Brown,310,5000,17-08-1966,05-01-2021,5010,1003,5012
Johnny,Sullivan,310,7000,20-04-1966,13-11-2019,7010,1001,7012
Valerie,Vongchai,310,14000,09-12-1984,16-12-2023,2010,2001,2014
Cheryl,Lee,310,2000,15-09-1999,29-09-2024,2010,1001,2014
Thiraphong,Boonlert,311,14000,30-04-1976,18-01-2024,8010,2001,8014
Randy,Thompson,311,13000,13-07-1989,30-10-2019,2010,1003,2014
Daniel,Payne,311,13000,30-12-2003,02-11-2019,2010,1003,2012
Michael,Lucas,311,10000,06-01-1969,17-01-2021,9050,1001,9052
Sarah,Scott,310,7000,27-08-2002,31-03-2023,3010,2001,3017
Shawn,Herring,310,12000,19-12-1998,05-12-2021,6010,1002,6012
Jorge,Clark,311,7000,20-12-1992,18-08-2022,3010,1001,3015
Sarawut,Srisawat,311,14000,16-06-2006,20-06-2024,3010,2001,3015
Joanna,Moore,310,5000,24-12-1964,31-08-2024,7010,1002,7012
Wayne,Alexander,311,9000,02-02-1974,16-06-2022,4010,1001,4012
Anita,Davis,310,5000,17-05-1993,12-01-2024,1010,1002,1012
Morgan,Mcclure,311,3000,21-10-1988,03-10-2024,2010,1002,2012
Danielle,Jones,310,10000,06-10-1980,24-07-2021,8010,1003,8012
Patrick,Roberts,311,13000,22-12-1974,24-02-2022,5010,1001,5012
Robert,Martinez,311,13000,23-09-1973,19-02-2023,4010,1001,4014
Chelsea,Hart,311,15000,25-04-1968,14-09-2023,1010,1001,1014
Anthony,Hickman,311,12000,29-12-1995,19-12-2023,6010,1001,6012
Anthony,Huang,311,9000,16-12-2000,05-07-2023,4010,1002,4014
Justin,Esparza,311,10000,16-10-1996,24-05-2020,4010,2001,4014
Sarah,Flores,310,12000,19-01-1996,12-05-2022,4010,2001,4014
Larry,Cline,311,7000,22-08-1999,10-11-2019,1010,1001,1014
Suttipong,Yuthasak,311,14000,30-06-1994,08-09-2023,8010,1003,8012
Maria,Fisher,310,5000,09-05-1981,03-07-2021,8010,1001,8014
Holly,Lewis,310,13000,22-06-2004,11-07-2020,3010,2001,3015
Andrew,Reed,311,2000,29-04-1985,18-08-2020,1010,1003,1012
Mark,Gomez,311,13000,04-04-1974,25-04-2023,6010,1002,6012
Nicole,Mcgrath,310,10000,11-11-1964,13-04-2024,6010,2001,6014
Billy,Stewart,310,10000,06-01-1981,08-07-2022,7010,1001,7014
Carrie,Jones,310,9000,20-02-1990,01-07-2022,4010,2001,4012
Tanya,Campbell,310,15000,25-08-1983,02-05-2022,7010,1002,7012
Peggy,Brown,310,5000,16-12-1963,14-10-2021,2010,2001,2014
Tammy,Foster,310,12000,16-06-1995,15-02-2021,4010,1002,4014
Chris,Gillespie,310,3000,14-12-1991,12-03-2020,1010,2001,1012
Tyler,Owen,311,15000,06-02-1997,12-04-2022,5010,1003,5012
Kevin,Jones,311,5000,17-03-1989,16-03-2024,3010,2001,3015
Nittaya,Intarachai,310,14000,05-07-1995,25-08-2020,5010,1003,5014
Daniel,Pearson,311,12000,11-05-2005,03-07-2024,9050,2001,9052
Carrie,Wood,310,9000,12-02-1994,28-03-2022,7010,2001,7014
Dorothy,Adams,310,15000,17-03-2002,17-02-2024,4010,1003,4014
Pongsak,Chaisuwan,311,14000,31-10-1988,09-08-2022,1010,2001,1012
Anthony,Shelton,311,5000,18-03-1997,26-05-2021,8010,1002,8014
Juan,Fields,311,3000,27-01-2003,24-07-2023,8010,1003,8012
Pattama,Panyarachun,310,14000,30-10-1987,08-11-2023,4010,1001,4012
Bryan,Mayer,311,12000,25-06-1965,23-01-2024,6010,1003,6012
Nattapong,Somchai,311,14000,19-12-2004,11-08-2023,2010,1003,2014
Olivia,Shea,310,13000,20-07-1991,09-05-2024,4010,1003,4012
Charles,Moore,311,15000,14-12-1988,06-06-2020,6010,2001,6014
Julie,Kelly,310,10000,08-03-1978,16-04-2024,8010,1002,8012
Richard,Hampton,311,3000,18-08-1997,10-10-2022,5010,1001,5012
Elizabeth,Martinez,310,2000,26-04-1998,22-12-2019,7010,1002,7012
Kittisak,Kraipob,311,14000,14-08-1967,08-12-2021,9010,1003,9015
Victor,Villegas,310,3000,15-10-1972,05-02-2024,5010,1002,5012
Elizabeth,Novak,310,2000,12-10-2004,26-11-2022,8010,2001,8012
John,Brown,311,13000,09-02-1972,13-11-2021,4010,1001,4014
Cynthia,Johnson,310,10000,20-10-1966,24-11-2021,9010,1002,9017
Julie,Conway,310,2000,27-10-1967,23-01-2020,9010,1003,9017
Kevin,Mcfarland,311,7000,31-01-1968,29-05-2023,6010,1001,6014
Bobby,Johnson,310,15000,30-06-1969,27-07-2020,4010,1001,4012
Derek,Choi,311,13000,30-09-2005,21-06-2021,9050,2001,9052
Kevin,Peterson,310,9000,28-01-1975,28-11-2022,9010,1002,9015
Heather,Lewis,310,7000,08-05-1995,30-12-2021,1010,1002,1012
Rebecca,Russell,310,9000,16-10-1987,03-03-2020,8010,1001,8012
Jon,Oliver,311,13000,26-07-1971,16-02-2021,2010,2001,2014
Shannon,Phillips,310,7000,13-12-1988,02-12-2023,4010,1001,4014
Casey,Dean,311,10000,25-09-1991,09-10-2022,8010,1002,8012
Supatra,Wattanachai,310,14000,03-04-1975,26-01-2024,2010,2001,2014
Viyada Ploy ,Boonserm,310,14000,02-01-1966,07-12-2022,3010,2001,3015
Rose,Anderson,310,3000,13-09-2006,09-07-2024,9050,1002,9052
Orathai,Supasiri,310,14000,03-09-1972,07-05-2021,4010,1002,4012
James,Keith,311,10000,28-02-1970,05-11-2023,9010,1003,9015
Jenna,Johnson,310,7000,14-11-1967,13-08-2020,8010,1003,8012
Terri,Short,310,9000,17-08-1981,01-09-2023,6010,1001,6012
Julie,Richardson,310,3000,08-07-2001,24-11-2023,6010,1002,6014
Beverly,Curtis,311,3000,24-09-2002,06-01-2022,7010,1001,7012
Luke,Kelley,311,3000,18-11-1997,15-02-2021,7010,1001,7012
Susan,West,310,15000,09-04-1974,24-04-2022,5010,1001,5014
Sally,Bailey,310,15000,19-10-1972,17-10-2021,6010,1003,6014
Megan,Rojas,310,2000,24-03-1971,04-08-2023,9050,2001,9054
Susan,Jackson,310,2000,28-05-1978,12-01-2021,3010,1002,3017
Richard,Jones,311,12000,26-08-1995,18-06-2022,9010,1003,9017
Dawn,Wilcox,311,10000,12-12-1963,30-12-2022,1010,1001,1012
Cynthia,Russell,310,5000,31-10-1997,16-01-2021,9050,2001,9052
Travis,Norman,310,13000,18-02-1991,15-06-2024,2010,1002,2012
